timestamp,mode,model,transport,total_ms,server_ms,preprocess_ms,inference_ms,postprocess_ms,network_ms
1781016972.4858282,edge,detect,grpc,47.934875000000154,22.969999313354492,15.710000038146973,3.8499999046325684,3.4000000953674316,24.964875686645662
1781016972.590849,edge,detect,grpc,52.628750000000224,23.3799991607666,17.09000015258789,3.799999952316284,2.490000009536743,29.248750839233622
1781016972.692576,edge,detect,grpc,48.102499999999715,22.940000534057617,16.020000457763672,3.8299999237060547,3.0799999237060547,25.162499465942098
1781016972.793735,edge,detect,grpc,46.15716599999953,22.920000076293945,16.709999084472656,3.8299999237060547,2.390000104904175,23.237165923705582
1781016972.905589,edge,detect,grpc,56.70074999999919,24.3799991607666,17.690000534057617,4.059999942779541,2.630000114440918,32.32075083923259
1781016973.0187001,edge,detect,grpc,56.415000000000326,23.93000030517578,17.530000686645508,3.9700000286102295,2.430000066757202,32.484999694824545
1781016973.123487,edge,detect,grpc,49.49795899999998,21.920000076293945,14.960000038146973,3.799999952316284,3.1700000762939453,27.577958923706035
1781016973.2338161,edge,detect,grpc,56.59016599999944,24.280000686645508,18.010000228881836,3.8299999237060547,2.440000057220459,32.310165313353934
1781016973.348097,edge,detect,grpc,58.954875000000406,24.450000762939453,17.920000076293945,3.759999990463257,2.7699999809265137,34.50487423706095
1781016973.4532402,edge,detect,grpc,51.026499999999864,23.049999237060547,16.600000381469727,4.050000190734863,2.4100000858306885,27.976500762939317
1781016973.560519,edge,detect,grpc,51.934917000000524,23.639999389648438,16.65999984741211,4.130000114440918,2.8399999141693115,28.294917610352087
1781016973.6855922,edge,detect,grpc,70.94658299999956,25.09000015258789,18.540000915527344,3.940000057220459,2.619999885559082,45.85658284741167
1781016973.788967,edge,detect,grpc,48.68266699999957,23.239999771118164,16.649999618530273,4.010000228881836,2.5799999237060547,25.442667228881405
1781016973.893089,edge,detect,grpc,48.87295799999958,22.959999084472656,15.850000381469727,4.099999904632568,3.009999990463257,25.91295891552692
1781016974.0049741,edge,detect,grpc,56.57587500000005,22.739999771118164,16.209999084472656,4.03000020980835,2.5,33.83587522888189
1781016974.118763,edge,detect,grpc,58.570667000000576,24.65999984741211,17.950000762939453,4.210000038146973,2.5,33.910667152588466
1781016974.231642,edge,detect,grpc,59.17791700000041,24.719999313354492,17.479999542236328,3.9700000286102295,3.2699999809265137,34.45791768664592
1781016974.344898,edge,detect,grpc,57.95287499999979,24.549999237060547,18.200000762939453,3.9600000381469727,2.390000104904175,33.402875762939246
1781016974.47278,edge,detect,grpc,76.3601670000007,27.510000228881836,20.760000228881836,4.179999828338623,2.569999933242798,48.850166771118865
1781016974.584214,edge,detect,grpc,59.98937499999979,25.190000534057617,18.6200008392334,3.859999895095825,2.7100000381469727,34.79937446594217
1781016974.694567,edge,detect,grpc,54.96195900000078,22.31999969482422,15.0600004196167,3.8499999046325684,3.4200000762939453,32.64195930517656
1781016974.807391,edge,detect,grpc,57.58491599999971,23.610000610351562,17.260000228881836,3.9100000858306885,2.440000057220459,33.974915389648146
1781016974.906813,edge,detect,grpc,44.150375000000075,23.079999923706055,15.699999809265137,4.21999979019165,3.1600000858306885,21.07037507629402
1781016975.008502,edge,detect,grpc,46.45908399999943,23.15999984741211,16.75,4.019999980926514,2.390000104904175,23.29908415258732
1781016975.120202,edge,detect,grpc,56.445875000000534,24.15999984741211,17.489999771118164,3.990000009536743,2.680000066757202,32.285875152588424
1781016975.228849,edge,detect,grpc,53.37129199999957,23.59000015258789,17.43000030517578,3.890000104904175,2.2699999809265137,29.78129184741168
1781016975.3329742,edge,detect,grpc,48.87625000000018,22.280000686645508,15.319999694824219,4.010000228881836,2.9600000381469727,26.59624931335467
1781016975.444643,edge,detect,grpc,56.39683299999998,24.299999237060547,17.860000610351562,4.019999980926514,2.4200000762939453,32.09683376293943
1781016975.563665,edge,detect,grpc,63.30166700000017,24.540000915527344,17.6299991607666,4.039999961853027,2.869999885559082,38.76166608447283
1781016975.6683688,edge,detect,grpc,49.04195799999922,22.93000030517578,16.670000076293945,3.9000000953674316,2.359999895095825,26.111957694823438
1781016975.773081,edge,detect,grpc,51.50041699999974,23.170000076293945,16.360000610351562,4.070000171661377,2.740000009536743,28.330416923705798
1781016975.888216,edge,detect,grpc,60.20920799999985,25.18000030517578,18.68000030517578,3.9200000762939453,2.5799999237060547,35.029207694824066
1781016975.9969122,edge,detect,grpc,54.95141600000064,22.719999313354492,16.290000915527344,3.950000047683716,2.4800000190734863,32.23141668664615
1781016976.097505,edge,detect,grpc,46.316082999999786,22.760000228881836,15.539999961853027,4.130000114440918,3.0999999046325684,23.55608277111795
1781016976.1981351,edge,detect,grpc,48.47350000000006,22.940000534057617,16.479999542236328,3.950000047683716,2.5,25.53349946594244
1781016976.311379,edge,detect,grpc,58.59837499999987,24.09000015258789,17.729999542236328,3.9200000762939453,2.440000057220459,34.50837484741198
1781016976.428142,edge,detect,grpc,57.86325000000048,24.889999389648438,17.59000015258789,4.03000020980835,3.2699999809265137,32.97325061035204
1781016976.543808,edge,detect,grpc,61.37991599999992,24.600000381469727,18.110000610351562,4.0,2.5,36.7799156185302
1781016976.6725729,edge,detect,grpc,73.07033300000043,27.670000076293945,21.110000610351562,4.03000020980835,2.5199999809265137,45.400332923706486
1781016976.789898,edge,detect,grpc,60.99354200000029,25.25,18.780000686645508,3.7200000286102295,2.740000009536743,35.74354200000029
1781016976.8917902,edge,detect,grpc,46.66041700000001,22.969999313354492,15.699999809265137,3.869999885559082,3.4000000953674316,23.690417686645517
1781016977.001018,edge,detect,grpc,50.83429199999934,22.950000762939453,16.75,3.8299999237060547,2.380000114440918,27.884291237059884
1781016977.102041,edge,detect,grpc,46.751457999999246,23.170000076293945,15.90999984741211,4.050000190734863,3.2100000381469727,23.5814579237053
1781016977.207674,edge,detect,grpc,48.55708400000047,23.020000457763672,16.56999969482422,3.940000057220459,2.5,25.5370835422368
1781016977.317858,edge,detect,grpc,54.88208299999897,23.90999984741211,17.440000534057617,3.869999885559082,2.5999999046325684,30.972083152586862
1781016977.4282439,edge,detect,grpc,54.84075000000033,23.639999389648438,17.350000381469727,3.869999885559082,2.4200000762939453,31.20075061035189
1781016977.5374122,edge,detect,grpc,50.176958999999854,22.010000228881836,14.800000190734863,4.079999923706055,3.140000104904175,28.16695877111802
1781016977.648747,edge,detect,grpc,56.38820799999955,24.209999084472656,17.530000686645508,3.940000057220459,2.7300000190734863,32.178208915526895
1781016977.7553039,edge,detect,grpc,54.92729099999849,24.239999771118164,17.600000381469727,3.990000009536743,2.640000104904175,30.687291228880326
1781016977.857402,edge,detect,grpc,46.80458300000012,22.489999771118164,16.1200008392334,3.990000009536743,2.380000114440918,24.314583228881958
1781016977.964832,edge,detect,grpc,52.13662499999927,22.829999923706055,15.859999656677246,4.130000114440918,2.8299999237060547,29.306625076293216
1781016978.078909,edge,detect,grpc,58.76837499999965,24.739999771118164,18.200000762939453,3.9700000286102295,2.569999933242798,34.02837522888149
1781016978.183543,edge,detect,grpc,49.339459000000474,22.559999465942383,16.040000915527344,4.0,2.5199999809265137,26.77945953405809
1781016978.28954,edge,detect,grpc,50.70670799999988,22.139999389648438,15.069999694824219,3.990000009536743,3.0799999237060547,28.56670861035144
1781016978.398292,edge,detect,grpc,53.46641700000099,24.989999771118164,17.489999771118164,4.78000020980835,2.7200000286102295,28.476417228882823
1781016978.5489762,edge,detect,grpc,95.40416699999987,23.649999618530273,17.25,4.019999980926514,2.380000114440918,71.7541673814696
1781016978.665076,edge,detect,grpc,60.67516699999942,24.459999084472656,17.229999542236328,3.890000104904175,3.3399999141693115,36.21516791552676
1781016978.77331,edge,detect,grpc,57.44687500000012,24.34000015258789,17.8700008392334,4.170000076293945,2.309999942779541,33.10687484741223
1781016978.904166,edge,detect,grpc,75.19787500000064,26.93000030517578,20.31999969482422,3.990000009536743,2.630000114440918,48.267874694824854
1781016979.015337,edge,detect,grpc,57.26637500000109,24.760000228881836,18.1299991607666,3.930000066757202,2.700000047683716,32.506374771119255
1781016979.1188748,edge,detect,grpc,50.04625000000118,23.399999618530273,16.079999923706055,3.9600000381469727,3.359999895095825,26.646250381470907
1781016979.227936,edge,detect,grpc,53.3870830000005,23.049999237060547,16.520000457763672,4.130000114440918,2.4000000953674316,30.337083762939955
1781016979.332046,edge,detect,grpc,49.43245800000007,22.65999984741211,15.40999984741211,4.039999961853027,3.2100000381469727,26.77245815258796
1781016979.430114,edge,detect,grpc,47.44750000000053,22.420000076293945,16.079999923706055,3.9200000762939453,2.4200000762939453,25.027499923706586
1781016979.534986,edge,detect,grpc,53.85987500000056,23.920000076293945,17.25,4.110000133514404,2.569999933242798,29.93987492370661
1781016979.6546738,edge,detect,grpc,64.46383299999958,21.68000030517578,16.25,3.190000057220459,2.2300000190734863,42.7838326948238
1781016979.7581198,edge,detect,grpc,48.20416699999974,21.100000381469727,14.279999732971191,3.8499999046325684,2.9700000286102295,27.104166618530016
1781016979.871816,edge,detect,grpc,58.44941700000028,24.299999237060547,17.8700008392334,4.010000228881836,2.4200000762939453,34.149417762939734
1781016979.986954,edge,detect,grpc,59.516582999998846,24.1299991607666,17.579999923706055,3.799999952316284,2.759999990463257,35.386583839232244
1781016980.09417,edge,detect,grpc,51.61529199999926,22.43000030517578,16.270000457763672,3.7799999713897705,2.380000114440918,29.185291694823476
1781016980.1988611,edge,detect,grpc,50.53075000000007,22.5,15.9399995803833,3.7699999809265137,2.799999952316284,28.03075000000007
1781016980.314917,edge,detect,grpc,60.77408300000009,24.43000030517578,18.110000610351562,3.7899999618530273,2.5299999713897705,36.34408269482431
1781016980.417078,edge,detect,grpc,46.52550000000133,22.40999984741211,16.020000457763672,3.9100000858306885,2.4800000190734863,24.11550015258922
1781016980.517427,edge,detect,grpc,45.018416999999644,22.040000915527344,14.930000305175781,3.940000057220459,3.1700000762939453,22.9784160844723
1781016980.627153,edge,detect,grpc,49.95758300000119,22.40999984741211,16.010000228881836,3.880000114440918,2.509999990463257,27.547583152589084
1781016980.739733,edge,detect,grpc,57.19816600000094,23.450000762939453,17.239999771118164,3.859999895095825,2.3399999141693115,33.748165237061485
1781016980.8510568,edge,detect,grpc,56.025500000000505,24.479999542236328,17.200000762939453,3.859999895095825,3.430000066757202,31.545500457764177
1781016980.963851,edge,detect,grpc,57.50741700000006,24.059999465942383,17.790000915527344,3.869999885559082,2.390000104904175,33.44741753405768
1781016981.124002,edge,detect,grpc,104.81895899999927,26.709999084472656,20.309999465942383,3.8299999237060547,2.569999933242798,78.10895991552661
1781016981.240414,edge,detect,grpc,61.05220799999955,24.579999923706055,18.079999923706055,3.809999942779541,2.690000057220459,36.4722080762935
1781016981.343002,edge,detect,grpc,47.23270899999932,22.06999969482422,14.9399995803833,3.859999895095825,3.259999990463257,25.1627093051751
1781016981.4481778,edge,detect,grpc,49.90775000000092,22.790000915527344,16.6299991607666,3.7799999713897705,2.380000114440918,27.117749084473573
1781016981.551679,edge,detect,grpc,46.02583299999985,22.520000457763672,15.460000038146973,3.880000114440918,3.180000066757202,23.505832542236178
1781016981.656459,edge,detect,grpc,52.806083000000115,22.0,16.049999237060547,3.5899999141693115,2.359999895095825,30.806083000000115
1781016981.763511,edge,detect,grpc,51.675542000001684,22.850000381469727,16.5,3.7799999713897705,2.569999933242798,28.825541618531958
1781016981.87243,edge,detect,grpc,53.71212499999878,23.15999984741211,16.950000762939453,3.7699999809265137,2.440000057220459,30.55212515258667
1781016981.9758499,edge,detect,grpc,48.08979200000074,21.420000076293945,14.739999771118164,3.7300000190734863,2.9600000381469727,26.669791923706796
1781016982.085441,edge,detect,grpc,54.282208000000054,23.6299991607666,17.43000030517578,3.7200000286102295,2.4700000286102295,30.652208839233452
1781016982.196563,edge,detect,grpc,55.836791999999136,24.09000015258789,17.510000228881836,3.809999942779541,2.7699999809265137,31.746791847411245
1781016982.298264,edge,detect,grpc,46.38970799999953,23.790000915527344,16.049999237060547,5.329999923706055,2.4100000858306885,22.599707084472186
1781016982.405513,edge,detect,grpc,51.94491699999837,24.09000015258789,15.850000381469727,5.380000114440918,2.859999895095825,27.85491684741048
1781016982.525716,edge,detect,grpc,64.86712499999925,24.649999618530273,18.18000030517578,3.809999942779541,2.6600000858306885,40.217125381468975
1781016982.630153,edge,detect,grpc,49.15491699999919,22.209999084472656,15.960000038146973,3.809999942779541,2.440000057220459,26.94491791552653
1781016982.730891,edge,detect,grpc,45.47566699999983,22.139999389648438,15.229999542236328,3.8399999141693115,3.059999942779541,23.335667610351393
1781016982.833907,edge,detect,grpc,48.26262499999956,22.489999771118164,16.239999771118164,3.8499999046325684,2.4000000953674316,25.772625228881395
1781016982.943496,edge,detect,grpc,57.55333299999954,23.399999618530273,17.18000030517578,3.759999990463257,2.4600000381469727,34.15333338146927
1781016983.057632,edge,detect,grpc,58.50079100000016,24.1200008392334,17.15999984741211,3.740000009536743,3.2200000286102295,34.380790160766765
1781016983.168441,edge,detect,grpc,55.647083999998515,24.06999969482422,17.75,3.869999885559082,2.440000057220459,31.577084305174296
1781016983.2944908,edge,detect,grpc,74.63375000000028,26.739999771118164,20.329999923706055,3.7899999618530273,2.619999885559082,47.89375022888211
1781016983.467214,edge,detect,grpc,116.6428340000003,32.45000076293945,18.030000686645508,11.670000076293945,2.75,84.19283323706085
1781016983.573558,edge,detect,grpc,51.02695799999957,22.25,14.890000343322754,4.179999828338623,3.180000066757202,28.776957999999567
1781016983.682733,edge,detect,grpc,54.97650000000043,22.920000076293945,16.530000686645508,3.9600000381469727,2.440000057220459,32.05649992370648
1781016983.792535,edge,detect,grpc,50.07404200000032,22.34000015258789,15.539999961853027,3.8399999141693115,2.9700000286102295,27.734041847412428
1781016983.897826,edge,detect,grpc,49.72295800000026,22.34000015258789,16.1200008392334,3.8499999046325684,2.369999885559082,27.38295784741237
1781016984.0037901,edge,detect,grpc,52.08520800000116,23.549999237060547,17.219999313354492,3.700000047683716,2.640000104904175,28.535208762940613
1781016984.115148,edge,detect,grpc,56.8262079999986,24.93000030517578,18.829999923706055,3.75,2.359999895095825,31.89620769482282
1781016984.2159219,edge,detect,grpc,45.21870800000016,21.790000915527344,14.789999961853027,4.019999980926514,2.9800000190734863,23.42870708447282
1781016984.325259,edge,detect,grpc,54.436625000001015,24.68000030517578,18.110000610351562,4.190000057220459,2.380000114440918,29.756624694825234
1781016984.436125,edge,detect,grpc,55.34258300000161,24.040000915527344,17.59000015258789,3.7899999618530273,2.6600000858306885,31.302582084474267
1781016984.538434,edge,detect,grpc,48.05233299999756,22.440000534057617,16.139999389648438,3.8499999046325684,2.440000057220459,25.612332465939943
1781016984.644851,edge,detect,grpc,52.156165999999615,22.350000381469727,15.859999656677246,3.680000066757202,2.809999942779541,29.80616561852989
1781016984.760865,edge,detect,grpc,60.27487499999751,24.690000534057617,18.219999313354492,3.869999885559082,2.5999999046325684,35.58487446593989
1781016984.862151,edge,detect,grpc,45.98666699999754,22.350000381469727,16.059999465942383,3.809999942779541,2.4800000190734863,23.636666618527812
1781016984.965755,edge,detect,grpc,48.261917000001375,21.81999969482422,15.050000190734863,3.7899999618530273,2.9800000190734863,26.441917305177157
1781016985.0711129,edge,detect,grpc,50.065791999998055,22.639999389648438,16.290000915527344,3.8299999237060547,2.5199999809265137,27.425792610349617
1781016985.181772,edge,detect,grpc,55.405958000001476,23.309999465942383,17.25,3.7200000286102295,2.3399999141693115,32.09595853405909
1781016985.299063,edge,detect,grpc,62.008584000000866,24.3799991607666,17.399999618530273,3.799999952316284,3.190000057220459,37.628584839234264
1781016985.4195158,edge,detect,grpc,65.20920899999894,24.1200008392334,17.81999969482422,3.9000000953674316,2.4000000953674316,41.08920816076554
1781016985.54674,edge,detect,grpc,71.82837500000261,26.809999465942383,20.350000381469727,3.890000104904175,2.5799999237060547,45.018375534060226
1781016985.662814,edge,detect,grpc,60.35704200000325,24.6299991607666,18.110000610351562,3.819999933242798,2.690000057220459,35.727042839236645
1781016985.763092,edge,detect,grpc,46.7079169999991,22.209999084472656,15.289999961853027,3.700000047683716,3.2200000286102295,24.497917915526443
1781016985.873089,edge,detect,grpc,55.92529100000121,23.079999923706055,16.8799991607666,3.75,2.4600000381469727,32.845291076295155
1781016985.977512,edge,detect,grpc,50.39433299999985,22.479999542236328,15.670000076293945,3.759999990463257,3.049999952316284,27.91433345776352
1781016986.080699,edge,detect,grpc,47.34245900000289,22.649999618530273,16.190000534057617,3.859999895095825,2.5999999046325684,24.692459381472617
1781016986.190409,edge,detect,grpc,53.94879099999983,23.950000762939453,17.459999084472656,3.869999885559082,2.630000114440918,29.998790237060376
1781016986.298717,edge,detect,grpc,53.010750000002105,23.110000610351562,16.889999389648438,3.9200000762939453,2.299999952316284,29.900749389650542
1781016986.402772,edge,detect,grpc,48.761541999997604,21.56999969482422,14.800000190734863,3.8399999141693115,2.930000066757202,27.191542305173385
1781016986.511325,edge,detect,grpc,55.50629200000046,23.649999618530273,17.469999313354492,3.740000009536743,2.440000057220459,31.856292381470183
1781016986.622566,edge,detect,grpc,56.071750000000975,24.350000381469727,17.68000030517578,3.9200000762939453,2.75,31.72174961853125
1781016986.726398,edge,detect,grpc,48.323082999999656,21.489999771118164,16.059999465942383,3.0899999141693115,2.3299999237060547,26.833083228881492
1781016986.837258,edge,detect,grpc,55.215167000000065,22.600000381469727,15.859999656677246,3.890000104904175,2.8499999046325684,32.61516661853034
1781016986.9512541,edge,detect,grpc,62.318750000002865,24.600000381469727,18.079999923706055,3.930000066757202,2.5999999046325684,37.71874961853314
1781016987.048707,edge,detect,grpc,45.69062500000243,22.25,16.010000228881836,3.809999942779541,2.430000066757202,23.440625000002427
1781016987.147361,edge,detect,grpc,44.00724999999994,21.799999237060547,15.0600004196167,3.7300000190734863,3.009999990463257,22.207250762939395
1781016987.252975,edge,detect,grpc,50.02987499999989,22.290000915527344,16.030000686645508,3.7699999809265137,2.490000009536743,27.739874084472547
1781016987.360474,edge,detect,grpc,52.182750000000055,23.530000686645508,17.18000030517578,3.9600000381469727,2.380000114440918,28.652749313354548
1781016987.4727108,edge,detect,grpc,56.6141660000028,24.43000030517578,17.219999313354492,3.9100000858306885,3.309999942779541,32.184165694827016
1781016987.583848,edge,detect,grpc,55.41420800000196,24.389999389648438,17.959999084472656,3.7799999713897705,2.6500000953674316,31.024208610353526
1781016987.712728,edge,detect,grpc,74.51066700000197,27.079999923706055,20.639999389648438,3.8499999046325684,2.5899999141693115,47.43066707629592
1781016987.824991,edge,detect,grpc,56.9192919999999,24.510000228881836,18.020000457763672,3.7699999809265137,2.7200000286102295,32.40929177111806
1781016987.9270809,edge,detect,grpc,46.743124999999,22.040000915527344,14.960000038146973,3.740000009536743,3.3399999141693115,24.703124084471654
1781016988.035489,edge,detect,grpc,53.14845800000256,22.81999969482422,16.600000381469727,3.759999990463257,2.4600000381469727,30.328458305178344
1781016988.136906,edge,detect,grpc,46.16620799999893,22.450000762939453,15.449999809265137,3.8299999237060547,3.1700000762939453,23.71620723705948
1781016988.239059,edge,detect,grpc,46.84658300000066,22.40999984741211,16.06999969482422,3.9800000190734863,2.3499999046325684,24.436583152588554
1781016988.34807,edge,detect,grpc,53.74379199999879,23.649999618530273,17.260000228881836,3.859999895095825,2.5299999713897705,30.093792381468518
1781016988.4577851,edge,detect,grpc,54.38787499999975,23.200000762939453,16.93000030517578,3.9200000762939453,2.3499999046325684,31.1878742370603
1781016988.557927,edge,detect,grpc,44.54245900000231,21.860000610351562,14.890000343322754,3.9200000762939453,3.059999942779541,22.682458389650748
1781016988.667839,edge,detect,grpc,54.370458000001065,23.649999618530273,17.489999771118164,3.7899999618530273,2.369999885559082,30.72045838147079
1781016988.778796,edge,detect,grpc,55.63645900000225,24.110000610351562,17.479999542236328,3.8499999046325684,2.7799999713897705,31.526458389650685
1781016988.882209,edge,detect,grpc,48.997458999998855,22.219999313354492,16.100000381469727,3.7899999618530273,2.3299999237060547,26.777459686644363
1781016988.992018,edge,detect,grpc,54.46799999999996,23.059999465942383,15.84000015258789,4.190000057220459,3.0299999713897705,31.408000534057578
1781016989.110677,edge,detect,grpc,63.29754200000082,25.56999969482422,18.1299991607666,3.7799999713897705,3.6600000858306885,37.7275423051766
1781016989.212464,edge,detect,grpc,46.460291999999015,22.420000076293945,16.0,3.9200000762939453,2.509999990463257,24.04029192370507
1781016989.3085482,edge,detect,grpc,43.44041600000281,21.850000381469727,14.979999542236328,3.799999952316284,3.069999933242798,21.590415618533086
1781016989.412183,edge,detect,grpc,48.38158300000117,22.350000381469727,16.09000015258789,3.859999895095825,2.4000000953674316,26.031582618531445
1781016989.5237918,edge,detect,grpc,53.889707999999814,23.469999313354492,17.270000457763672,3.8499999046325684,2.3499999046325684,30.419708686645322
1781016989.6303942,edge,detect,grpc,54.74966699999939,22.899999618530273,16.469999313354492,3.4600000381469727,2.9600000381469727,31.849667381469118
1781016989.742947,edge,detect,grpc,57.18724999999836,23.200000762939453,17.020000457763672,3.880000114440918,2.299999952316284,33.987249237058904
1781016989.866143,edge,detect,grpc,70.9792500000006,25.889999389648438,19.610000610351562,3.690000057220459,2.5799999237060547,45.08925061035217
1781016989.9830332,edge,detect,grpc,61.11258399999997,24.6200008392334,18.059999465942383,3.9000000953674316,2.6700000762939453,36.49258316076657
1781016990.083505,edge,detect,grpc,49.48124999999948,22.200000762939453,14.890000343322754,3.799999952316284,3.509999990463257,27.281249237060024
1781016990.189461,edge,detect,grpc,54.54558299999945,22.780000686645508,16.610000610351562,3.7300000190734863,2.440000057220459,31.765582313353946
1781016990.293237,edge,detect,grpc,48.493042000000486,22.329999923706055,15.520000457763672,3.759999990463257,3.049999952316284,26.16304207629443
1781016990.3932061,edge,detect,grpc,44.67229199999778,22.299999237060547,16.079999923706055,3.8499999046325684,2.369999885559082,22.372292762937235
1781016990.501444,edge,detect,grpc,53.569541999998194,23.729999542236328,17.229999542236328,3.9000000953674316,2.5999999046325684,29.839542457761866
1781016990.6136131,edge,detect,grpc,56.88645800000103,23.360000610351562,17.06999969482422,3.9200000762939453,2.369999885559082,33.526457389649465
1781016990.7127721,edge,detect,grpc,46.311291999998616,21.84000015258789,15.079999923706055,3.890000104904175,2.859999895095825,24.471291847410725
1781016990.82054,edge,detect,grpc,52.22949999999926,23.850000381469727,17.440000534057617,3.9100000858306885,2.509999990463257,28.379499618529536
1781016990.932409,edge,detect,grpc,55.67408299999954,24.110000610351562,17.479999542236328,3.890000104904175,2.7300000190734863,31.56408238964798
1781016991.037353,edge,detect,grpc,46.748958000002006,22.1299991607666,16.06999969482422,3.7300000190734863,2.3299999237060547,24.618958839235404
1781016991.1445491,edge,detect,grpc,51.90800000000095,22.459999084472656,15.869999885559082,3.809999942779541,2.7799999713897705,29.448000915528297
1781016991.268308,edge,detect,grpc,61.98962499999894,24.3799991607666,18.09000015258789,3.700000047683716,2.5799999237060547,37.609625839232336
1781016991.372422,edge,detect,grpc,48.80500000000154,22.1200008392334,15.890000343322754,3.799999952316284,2.430000066757202,26.684999160768143
1781016991.472696,edge,detect,grpc,44.973457999997635,21.950000762939453,14.970000267028809,3.880000114440918,3.0999999046325684,23.02345723705818
1781016991.578413,edge,detect,grpc,49.86541699999947,22.510000228881836,16.1299991607666,3.9100000858306885,2.4700000286102295,27.355416771117632
1781016991.690291,edge,detect,grpc,56.47129200000123,23.239999771118164,17.229999542236328,3.680000066757202,2.3399999141693115,33.23129222888306
1781016991.803951,edge,detect,grpc,58.37433299999972,24.420000076293945,17.170000076293945,3.890000104904175,3.359999895095825,33.95433292370578
1781016991.918498,edge,detect,grpc,59.28141600000103,23.989999771118164,17.829999923706055,3.75,2.4100000858306885,35.291416228882866
1781016992.050376,edge,detect,grpc,76.56608399999953,26.799999237060547,20.420000076293945,3.7899999618530273,2.5899999141693115,49.76608476293899
1781016992.166094,edge,detect,grpc,60.357957999997325,24.719999313354492,18.06999969482422,3.930000066757202,2.7200000286102295,35.63795868664283
1781016992.266934,edge,detect,grpc,45.5935839999988,22.270000457763672,14.949999809265137,3.890000104904175,3.430000066757202,23.323583542235127
1781016992.378199,edge,detect,grpc,55.93675000000076,22.84000015258789,16.530000686645508,3.869999885559082,2.440000057220459,33.096749847412866
1781016992.4774752,edge,detect,grpc,45.76933300000263,22.260000228881836,15.449999809265137,3.799999952316284,3.009999990463257,23.509332771120796
1781016992.579916,edge,detect,grpc,48.1244580000002,23.030000686645508,16.719999313354492,3.869999885559082,2.430000066757202,25.094457313354695
1781016992.6886551,edge,detect,grpc,54.986417000002064,23.649999618530273,17.290000915527344,3.819999933242798,2.549999952316284,31.33641738147179
1781016992.8003042,edge,detect,grpc,58.02941600000011,23.100000381469727,16.989999771118164,3.7899999618530273,2.309999942779541,34.929415618530385
1781016992.905239,edge,detect,grpc,48.96845799999738,21.389999389648438,14.779999732971191,3.4800000190734863,3.130000114440918,27.578458610348946
1781016993.028228,edge,detect,grpc,67.6903330000016,23.6200008392334,17.399999618530273,3.799999952316284,2.4200000762939453,44.0703321607682
1781016993.143475,edge,detect,grpc,59.18962500000191,24.149999618530273,17.540000915527344,3.8299999237060547,2.7799999713897705,35.03962538147164
1781016993.247662,edge,detect,grpc,48.90579199999934,22.34000015258789,16.030000686645508,3.8499999046325684,2.4600000381469727,26.565791847411447
1781016993.3521228,edge,detect,grpc,49.13499999999971,22.610000610351562,15.869999885559082,3.8399999141693115,2.890000104904175,26.524999389648144
1781016993.468065,edge,detect,grpc,59.859707999997624,24.639999389648438,18.079999923706055,4.050000190734863,2.5,35.21970861034919
1781016993.5728278,edge,detect,grpc,49.46770799999811,22.600000381469727,16.270000457763672,3.8499999046325684,2.4700000286102295,26.867707618528385
1781016993.6776252,edge,detect,grpc,49.50762500000039,21.989999771118164,15.270000457763672,3.859999895095825,2.859999895095825,27.517625228882224
1781016993.77897,edge,detect,grpc,46.057582999999624,22.209999084472656,16.0,3.7899999618530273,2.430000066757202,23.847583915526968
1781016993.8888168,edge,detect,grpc,54.57791699999959,23.520000457763672,17.18000030517578,3.890000104904175,2.450000047683716,31.057916542235915
1781016994.000515,edge,detect,grpc,56.0299999999998,24.450000762939453,17.239999771118164,3.75,3.4600000381469727,31.57999923706035
1781016994.113915,edge,detect,grpc,57.79129199999744,24.18000030517578,17.860000610351562,3.890000104904175,2.4200000762939453,33.61129169482166
1781016994.244797,edge,detect,grpc,75.20149999999859,26.68000030517578,20.389999389648438,3.6600000858306885,2.630000114440918,48.52149969482281
1781016994.3612921,edge,detect,grpc,61.15633299999956,24.610000610351562,18.100000381469727,3.809999942779541,2.690000057220459,36.546332389648
1781016995.090509,edge,seg,grpc,52.76158399999886,19.260000228881836,6.909999847412109,5.340000152587891,7.019999980926514,33.501583771117026
1781016995.191344,edge,seg,grpc,45.38445799999735,16.5,7.71999979019165,5.389999866485596,3.390000104904175,28.884457999997352
1781016995.2852402,edge,seg,grpc,38.6067919999995,15.470000267028809,7.179999828338623,5.559999942779541,2.7300000190734863,23.136791732970693
1781016995.383928,edge,seg,grpc,43.32549999999813,16.739999771118164,7.800000190734863,5.309999942779541,3.630000114440918,26.585500228879965
1781016995.4937868,edge,seg,grpc,54.02816699999846,18.299999237060547,7.909999847412109,5.389999866485596,5.0,35.728167762937915
1781016995.601036,edge,seg,grpc,52.53979200000103,15.680000305175781,7.78000020980835,5.46999979019165,2.430000066757202,36.85979169482525
1781016995.696383,edge,seg,grpc,40.07483299999848,16.239999771118164,6.869999885559082,5.289999961853027,4.090000152587891,23.834833228880314
1781016995.801333,edge,seg,grpc,50.89045799999781,16.829999923706055,7.960000038146973,5.380000114440918,3.490000009536743,34.06045807629175
1781016995.907796,edge,seg,grpc,52.149666999998345,19.920000076293945,8.050000190734863,5.400000095367432,6.46999979019165,32.2296669237044
1781016996.003312,edge,seg,grpc,40.16254100000083,16.139999389648438,7.409999847412109,5.300000190734863,3.4200000762939453,24.02254161035239
1781016996.11127,edge,seg,grpc,52.65141699999987,19.030000686645508,7.409999847412109,5.53000020980835,6.079999923706055,33.62141631335436
1781016996.219254,edge,seg,grpc,52.64712500000002,17.579999923706055,8.229999542236328,5.320000171661377,4.03000020980835,35.06712507629396
1781016996.3205829,edge,seg,grpc,46.02145800000201,16.440000534057617,7.409999847412109,5.349999904632568,3.680000066757202,29.581457465944396
1781016996.417865,edge,seg,grpc,42.00212499999978,15.640000343322754,6.989999771118164,5.559999942779541,3.0999999046325684,26.362124656677025
1781016996.530323,edge,seg,grpc,57.20183300000059,24.520000457763672,15.210000038146973,5.880000114440918,3.430000066757202,32.68183254223692
1781016996.630783,edge,seg,grpc,45.197500000000446,16.100000381469727,7.960000038146973,5.349999904632568,2.799999952316284,29.09749961853072
1781016996.736577,edge,seg,grpc,54.846624999999705,18.670000076293945,8.260000228881836,5.619999885559082,4.789999961853027,36.17662492370576
1781016996.845578,edge,seg,grpc,53.62683299999915,17.010000228881836,8.09000015258789,5.369999885559082,3.549999952316284,36.616832771117316
1781016996.967982,edge,seg,grpc,66.33587500000004,17.280000686645508,9.210000038146973,5.46999979019165,2.5999999046325684,49.055874313354536
1781016997.080822,edge,seg,grpc,58.08095900000154,18.780000686645508,8.289999961853027,5.789999961853027,4.710000038146973,39.300958313356034
1781016997.181936,edge,seg,grpc,45.34724999999895,18.459999084472656,6.929999828338623,5.460000038146973,6.079999923706055,26.887250915526295
1781016997.284161,edge,seg,grpc,46.484959000000714,18.239999771118164,8.800000190734863,5.480000019073486,3.9700000286102295,28.24495922888255
1781016997.380587,edge,seg,grpc,40.99791599999847,15.15999984741211,7.170000076293945,5.519999980926514,2.4600000381469727,25.83791615258636
1781016997.475465,edge,seg,grpc,42.288833000000636,17.200000762939453,8.270000457763672,5.329999923706055,3.5999999046325684,25.088832237061183
1781016997.594157,edge,seg,grpc,64.49391700000007,29.940000534057617,16.6200008392334,5.610000133514404,7.699999809265137,34.55391646594245
1781016997.709304,edge,seg,grpc,59.837874999999485,25.920000076293945,16.110000610351562,5.820000171661377,3.990000009536743,33.91787492370554
1781016997.802602,edge,seg,grpc,41.221000000000174,16.719999313354492,7.550000190734863,5.360000133514404,3.819999933242798,24.501000686645682
1781016997.910605,edge,seg,grpc,51.85258299999873,17.18000030517578,8.09000015258789,5.559999942779541,3.5299999713897705,34.67258269482295
1781016998.020774,edge,seg,grpc,54.66854200000171,19.860000610351562,8.0600004196167,5.449999809265137,6.360000133514404,34.808541389650145
1781016998.118943,edge,seg,grpc,42.41237500000139,16.290000915527344,7.389999866485596,5.409999847412109,3.490000009536743,26.122374084474046
1781016998.234118,edge,seg,grpc,58.718417000001466,24.59000015258789,11.100000381469727,5.650000095367432,7.840000152587891,34.128416847413575
1781016998.3413079,edge,seg,grpc,52.97220899999999,17.75,8.25,5.409999847412109,4.079999923706055,35.22220899999999
1781016998.443373,edge,seg,grpc,46.76091600000021,16.770000457763672,7.409999847412109,5.519999980926514,3.8299999237060547,29.990915542236536
1781016998.5517771,edge,seg,grpc,52.607832999999715,24.729999542236328,14.229999542236328,5.670000076293945,4.829999923706055,27.877833457763387
1781016998.655755,edge,seg,grpc,50.62325000000101,24.6200008392334,15.270000457763672,5.820000171661377,3.5299999713897705,26.00324916076761
1781016998.758504,edge,seg,grpc,47.42762500000097,15.890000343322754,7.769999980926514,5.340000152587891,2.7799999713897705,31.53762465667822
1781016998.870833,edge,seg,grpc,56.988957999998036,18.260000228881836,7.789999961853027,5.630000114440918,4.840000152587891,38.7289577711162
1781016998.976015,edge,seg,grpc,49.85549999999961,16.920000076293945,8.079999923706055,5.369999885559082,3.4600000381469727,32.93549992370566
1781016999.103306,edge,seg,grpc,71.94262499999837,29.34000015258789,19.399999618530273,5.78000020980835,4.170000076293945,42.60262484741048
1781016999.224631,edge,seg,grpc,66.62487500000225,31.270000457763672,17.200000762939453,5.920000076293945,8.149999618530273,35.354874542238576
1781016999.342473,edge,seg,grpc,62.41741600000239,30.079999923706055,14.09000015258789,5.78000020980835,10.210000038146973,32.337416076296336
1781016999.4581802,edge,seg,grpc,60.2582500000004,27.030000686645508,15.680000305175781,5.769999980926514,5.579999923706055,33.228249313354894
1781016999.5653172,edge,seg,grpc,53.354165999998315,24.6200008392334,14.850000381469727,5.820000171661377,3.940000057220459,28.734165160764917
1781016999.66565,edge,seg,grpc,45.809040999998274,16.6200008392334,7.590000152587891,5.340000152587891,3.680000066757202,29.189040160764876
1781016999.773943,edge,seg,grpc,51.6812499999979,17.770000457763672,7.909999847412109,5.510000228881836,4.349999904632568,33.91124954223423
1781016999.877586,edge,seg,grpc,48.473707999999505,15.720000267028809,7.820000171661377,5.440000057220459,2.450000047683716,32.753707732970696
1781016999.973849,edge,seg,grpc,41.775167000000835,16.760000228881836,7.369999885559082,5.420000076293945,3.9700000286102295,25.015166771119
1781017000.0802429,edge,seg,grpc,50.948667000000114,17.059999465942383,7.989999771118164,5.420000076293945,3.640000104904175,33.88866753405773
1781017000.1919308,edge,seg,grpc,54.53220800000125,21.65999984741211,8.09000015258789,5.699999809265137,7.869999885559082,32.87220815258914
1781017000.2949781,edge,seg,grpc,47.430625000000504,16.549999237060547,7.519999980926514,5.409999847412109,3.619999885559082,30.880625762939957
1781017000.407031,edge,seg,grpc,56.01941700000168,20.520000457763672,7.400000095367432,5.840000152587891,7.28000020980835,35.49941654223801
1781017000.522458,edge,seg,grpc,60.39083399999612,18.09000015258789,8.210000038146973,5.53000020980835,4.349999904632568,42.30083384740823
1781017000.620211,edge,seg,grpc,44.746875000001296,16.989999771118164,7.5,5.650000095367432,3.8399999141693115,27.756875228883132
1781017000.715921,edge,seg,grpc,42.02870900000022,16.110000610351562,7.010000228881836,5.769999980926514,3.3399999141693115,25.918708389648657
1781017000.815844,edge,seg,grpc,46.501249999998606,16.049999237060547,7.489999771118164,6.019999980926514,2.5299999713897705,30.45125076293806
1781017000.9163232,edge,seg,grpc,45.92483300000083,16.209999084472656,7.920000076293945,5.440000057220459,2.8499999046325684,29.714833915528175
1781017001.022448,edge,seg,grpc,50.65674999999459,18.510000228881836,7.900000095367432,5.800000190734863,4.800000190734863,32.14674977111275
1781017001.1289442,edge,seg,grpc,54.65683300000279,17.34000015258789,8.149999618530273,5.590000152587891,3.5999999046325684,37.3168328474149
1781017001.250846,edge,seg,grpc,66.9478330000004,18.56999969482422,9.289999961853027,5.71999979019165,3.559999942779541,48.37783330517618
1781017001.370582,edge,seg,grpc,64.33495899999997,25.68000030517578,12.729999542236328,5.980000019073486,6.96999979019165,38.65495869482419
1781017001.472032,edge,seg,grpc,45.75187500000055,19.479999542236328,6.849999904632568,5.630000114440918,7.010000228881836,26.271875457764224
1781017001.574301,edge,seg,grpc,46.88666700000255,17.31999969482422,7.639999866485596,5.670000076293945,4.010000228881836,29.566667305178328
1781017001.6723258,edge,seg,grpc,42.778875000003325,15.600000381469727,7.130000114440918,5.679999828338623,2.7899999618530273,27.178874618533598
1781017001.7780218,edge,seg,grpc,50.400375000002384,17.219999313354492,7.309999942779541,5.619999885559082,4.289999961853027,33.18037568664789
1781017001.884678,edge,seg,grpc,51.2465840000047,18.510000228881836,7.860000133514404,5.590000152587891,5.070000171661377,32.736583771122866
1781017001.9942558,edge,seg,grpc,54.32741599999957,15.979999542236328,7.710000038146973,5.739999771118164,2.5299999713897705,38.347416457763245
1781017002.0933912,edge,seg,grpc,43.89845799999392,16.8700008392334,6.840000152587891,5.53000020980835,4.510000228881836,27.028457160760524
1781017002.199084,edge,seg,grpc,50.3766249999984,17.75,8.029999732971191,5.590000152587891,4.130000114440918,32.6266249999984
1781017002.307868,edge,seg,grpc,58.27191599999537,20.450000762939453,8.0,5.75,6.699999809265137,37.82191523705592
1781017002.40861,edge,seg,grpc,45.39924999999556,17.170000076293945,7.489999771118164,5.539999961853027,4.139999866485596,28.229249923701616
1781017002.517045,edge,seg,grpc,53.080459000000246,20.440000534057617,7.369999885559082,5.690000057220459,7.380000114440918,32.64045846594263
1781017002.630005,edge,seg,grpc,57.651749999998,19.299999237060547,8.220000267028809,5.53000020980835,5.550000190734863,38.351750762937456
1781017002.7300212,edge,seg,grpc,44.70562499999886,17.579999923706055,7.440000057220459,5.699999809265137,4.440000057220459,27.125625076292806
1781017002.823791,edge,seg,grpc,38.51249999999595,16.040000915527344,7.090000152587891,5.539999961853027,3.4100000858306885,22.47249908446861
1781017002.927734,edge,seg,grpc,48.70474999999885,17.549999237060547,7.659999847412109,6.150000095367432,3.740000009536743,31.154750762938306
1781017003.029818,edge,seg,grpc,46.82787500000529,16.200000762939453,7.809999942779541,5.539999961853027,2.8399999141693115,30.62787423706584
1781017003.1410718,edge,seg,grpc,55.876249999997185,20.90999984741211,7.809999942779541,6.079999923706055,7.019999980926514,34.966250152585076
1781017003.2520618,edge,seg,grpc,55.59008299999846,18.59000015258789,8.130000114440918,5.659999847412109,4.800000190734863,37.00008284741057
1781017003.373284,edge,seg,grpc,65.92787499999986,18.530000686645508,9.270000457763672,5.760000228881836,3.5,47.39787431335435
1781017003.502056,edge,seg,grpc,73.10616699999883,30.729999542236328,17.219999313354492,6.260000228881836,7.260000228881836,42.376167457762506
1781017003.608438,edge,seg,grpc,52.17470799999546,19.649999618530273,6.889999866485596,5.630000114440918,7.130000114440918,32.52470838146519
1781017003.7160692,edge,seg,grpc,51.78774999999547,19.790000915527344,8.84000015258789,5.650000095367432,5.300000190734863,31.997749084468126
1781017003.8110158,edge,seg,grpc,40.429417000005685,16.170000076293945,7.489999771118164,5.769999980926514,2.9100000858306885,24.25941692371174
1781017003.909081,edge,seg,grpc,46.01483399999751,18.020000457763672,7.869999885559082,5.619999885559082,4.519999980926514,27.994833542233835
1781017004.018869,edge,seg,grpc,52.80224999999916,18.719999313354492,7.920000076293945,5.630000114440918,5.170000076293945,34.08225068664467
1781017004.120882,edge,seg,grpc,47.36524999999858,15.819999694824219,7.869999885559082,5.449999809265137,2.5,31.545250305174363
1781017004.21799,edge,seg,grpc,41.948208999997405,17.420000076293945,7.190000057220459,5.460000038146973,4.760000228881836,24.52820892370346
1781017004.3267682,edge,seg,grpc,50.42449999999832,18.059999465942383,8.0,5.75,4.309999942779541,32.364500534055935
1781017004.439562,edge,seg,grpc,55.78870799999436,20.790000915527344,8.069999694824219,5.699999809265137,7.019999980926514,34.998707084467014
1781017004.5383198,edge,seg,grpc,43.604540999993446,17.239999771118164,7.519999980926514,5.550000190734863,4.170000076293945,26.364541228875282
1781017004.651464,edge,seg,grpc,57.48133299999836,20.399999618530273,7.369999885559082,5.630000114440918,7.400000095367432,37.081333381468085
1781017004.7702909,edge,seg,grpc,63.18545799999953,19.34000015258789,8.300000190734863,5.579999923706055,5.460000038146973,43.84545784741164
1781017004.8755789,edge,seg,grpc,46.47929200000078,17.68000030517578,7.46999979019165,5.71999979019165,4.489999771118164,28.799291694825
1781017004.970473,edge,seg,grpc,41.15079199999627,16.3799991607666,7.03000020980835,5.840000152587891,3.509999990463257,24.77079283922967
1781017005.0675,edge,seg,grpc,45.37299999999789,17.420000076293945,7.559999942779541,6.039999961853027,3.819999933242798,27.952999923703942
1781017005.165578,edge,seg,grpc,45.1264580000057,16.31999969482422,7.840000152587891,5.579999923706055,2.9000000953674316,28.80645830518148
1781017005.27388,edge,seg,grpc,52.98812499999883,20.790000915527344,7.869999885559082,6.0,6.929999828338623,32.19812408447149
1781017005.381359,edge,seg,grpc,52.091332999999906,17.899999618530273,8.130000114440918,5.550000190734863,4.21999979019165,34.19133338146963
1781017005.499072,edge,seg,grpc,64.76666600000414,19.3799991607666,9.3100004196167,6.239999771118164,3.8299999237060547,45.386666839237535
1781017005.62799,edge,seg,grpc,73.53866700000111,32.04999923706055,18.100000381469727,6.440000057220459,7.510000228881836,41.488667762940565
1781017005.7306828,edge,seg,grpc,47.27966699999797,19.899999618530273,6.929999828338623,5.789999961853027,7.190000057220459,27.379667381467698
1781017005.832978,edge,seg,grpc,46.9487089999987,17.459999084472656,7.739999771118164,5.639999866485596,4.079999923706055,29.488709915526044
1781017005.925739,edge,seg,grpc,37.46937500000058,16.59000015258789,7.789999961853027,5.889999866485596,2.9000000953674316,20.87937484741269
1781017006.02575,edge,seg,grpc,44.687625000001674,17.959999084472656,8.0,5.460000038146973,4.5,26.727625915529018
1781017006.134434,edge,seg,grpc,53.28508299999868,18.760000228881836,8.020000457763672,5.519999980926514,5.21999979019165,34.52508277111684
1781017006.238639,edge,seg,grpc,48.75766699999673,16.049999237060547,7.829999923706055,5.550000190734863,2.6700000762939453,32.70766776293618
1781017006.333911,edge,seg,grpc,42.35566699999538,17.68000030517578,7.360000133514404,5.559999942779541,4.760000228881836,24.675666694819597
1781017006.44976,edge,seg,grpc,60.470041999998614,18.1299991607666,8.079999923706055,5.760000228881836,4.289999961853027,42.34004283923201
1781017006.5725381,edge,seg,grpc,66.94629200000435,21.440000534057617,8.289999961853027,5.789999961853027,7.349999904632568,45.50629146594673
1781017006.673514,edge,seg,grpc,43.285832999998775,17.389999389648438,7.579999923706055,5.639999866485596,4.179999828338623,25.895833610350337
1781017006.7832892,edge,seg,grpc,53.84283299999737,20.8700008392334,7.440000057220459,5.869999885559082,7.559999942779541,32.97283216076397
1781017006.895193,edge,seg,grpc,56.468957999996405,18.799999237060547,8.300000190734863,5.539999961853027,4.960000038146973,37.66895876293586
1781017006.995569,edge,seg,grpc,44.89658399999996,17.719999313354492,7.489999771118164,5.650000095367432,4.579999923706055,27.17658468664547
1781017007.0906901,edge,seg,grpc,40.93920800000461,16.65999984741211,7.079999923706055,5.829999923706055,3.75,24.279208152592503
1781017007.190232,edge,seg,grpc,44.21750000000202,17.420000076293945,7.519999980926514,5.929999828338623,3.9700000286102295,26.797499923708074
1781017007.2919428,edge,seg,grpc,46.407083999994825,16.360000610351562,7.880000114440918,5.590000152587891,2.890000104904175,30.047083389643262
1781017007.4056058,edge,seg,grpc,58.30774999999733,20.68000030517578,7.889999866485596,5.940000057220459,6.849999904632568,37.627749694821546
1781017007.512288,edge,seg,grpc,51.37349999999685,18.100000381469727,8.180000305175781,5.650000095367432,4.269999980926514,33.273499618527126
1781017007.635055,edge,seg,grpc,67.3447920000001,18.56999969482422,9.270000457763672,5.710000038146973,3.5899999141693115,48.77479230517588
1781017007.770916,edge,seg,grpc,68.76133400000128,26.239999771118164,12.729999542236328,6.210000038146973,7.300000190734863,42.52133422888312
1781017007.8798778,edge,seg,grpc,52.90412499999775,19.940000534057617,6.949999809265137,5.639999866485596,7.349999904632568,32.96412446594013
1781017007.984245,edge,seg,grpc,48.49587500000041,17.469999313354492,7.650000095367432,5.769999980926514,4.050000190734863,31.025875686645918
1781017008.0775611,edge,seg,grpc,39.90375000000057,16.43000030517578,7.679999828338623,5.710000038146973,3.0399999618530273,23.47374969482479
1781017008.183739,edge,seg,grpc,50.3530000000012,17.530000686645508,7.389999866485596,5.599999904632568,4.539999961853027,32.822999313355695
1781017008.2889972,edge,seg,grpc,53.66291699999692,18.59000015258789,7.909999847412109,5.559999942779541,5.119999885559082,35.07291684740903
1781017008.392873,edge,seg,grpc,48.51533299999744,16.139999389648438,7.78000020980835,5.690000057220459,2.6700000762939453,32.375333610349
1781017008.489436,edge,seg,grpc,41.51633299999702,17.270000457763672,7.119999885559082,5.449999809265137,4.699999809265137,24.246332542233347
1781017008.596032,edge,seg,grpc,54.32441699999657,17.559999465942383,7.96999979019165,5.539999961853027,4.050000190734863,36.76441753405419
1781017008.708779,edge,seg,grpc,57.324833000002684,20.68000030517578,8.220000267028809,5.71999979019165,6.739999771118164,36.6448326948269
1781017008.810173,edge,seg,grpc,46.04420800000497,17.510000228881836,7.639999866485596,5.630000114440918,4.239999771118164,28.534207771123135
1781017008.921771,edge,seg,grpc,56.15612500000111,20.5,7.420000076293945,5.71999979019165,7.349999904632568,35.65612500000111
1781017009.03699,edge,seg,grpc,59.84991599999745,19.489999771118164,8.350000381469727,5.650000095367432,5.489999771118164,40.359916228879285
1781017009.140214,edge,seg,grpc,47.794666000001484,17.649999618530273,7.510000228881836,5.590000152587891,4.550000190734863,30.14466638147121
1781017009.236058,edge,seg,grpc,40.09187499999456,16.1200008392334,7.019999980926514,5.739999771118164,3.359999895095825,23.97187416076116
1781017009.329648,edge,seg,grpc,38.33775000000372,15.720000267028809,7.5,5.78000020980835,2.440000057220459,22.617749732974914
1781017009.431526,edge,seg,grpc,46.24066699999929,16.25,7.920000076293945,5.46999979019165,2.8499999046325684,29.99066699999929
1781017009.55218,edge,seg,grpc,65.27183300000416,28.75,15.960000038146973,5.849999904632568,6.940000057220459,36.521833000004165
1781017009.658308,edge,seg,grpc,50.82158300000117,18.079999923706055,8.229999542236328,5.570000171661377,4.28000020980835,32.741583076295115
1781017009.77546,edge,seg,grpc,63.355750000006594,17.809999465942383,9.300000190734863,5.800000190734863,2.7100000381469727,45.54575053406421
1781017009.883627,edge,seg,grpc,52.793958000002306,19.899999618530273,8.380000114440918,5.849999904632568,5.659999847412109,32.89395838147203
1781017009.989867,edge,seg,grpc,50.80591700000525,19.780000686645508,6.989999771118164,5.590000152587891,7.190000057220459,31.025916313359744
1781017010.091598,edge,seg,grpc,46.35041699999931,18.829999923706055,8.869999885559082,5.460000038146973,4.489999771118164,27.520417076293256
1781017010.185996,edge,seg,grpc,39.04266700000392,16.280000686645508,7.690000057220459,5.670000076293945,2.9100000858306885,22.76266631335841
1781017010.285887,edge,seg,grpc,45.170792000000404,17.790000915527344,8.0600004196167,5.230000019073486,4.5,27.38079108447306
1781017010.3886669,edge,seg,grpc,47.22408300000325,18.809999465942383,8.0600004196167,5.559999942779541,5.179999828338623,28.414083534060865
1781017010.48511,edge,seg,grpc,43.74433400000299,15.979999542236328,7.880000114440918,5.550000190734863,2.559999942779541,27.764334457766665
1781017010.581246,edge,seg,grpc,38.400500000001614,17.209999084472656,7.210000038146973,5.25,4.739999771118164,21.190500915528958
1781017010.680842,edge,seg,grpc,47.276791999998125,17.959999084472656,8.069999694824219,5.590000152587891,4.300000190734863,29.31679291552547
1781017010.7911522,edge,seg,grpc,54.41712500000051,20.3700008392334,8.0600004196167,5.579999923706055,6.730000019073486,34.04712416076711
1781017010.885442,edge,seg,grpc,38.93462500000311,17.229999542236328,7.53000020980835,5.460000038146973,4.239999771118164,21.70462545776678
1781017010.995868,edge,seg,grpc,54.43183299999532,20.739999771118164,7.420000076293945,5.739999771118164,7.579999923706055,33.69183322887716
1781017011.105907,edge,seg,grpc,54.3227499999972,18.649999618530273,8.260000228881836,5.489999771118164,4.900000095367432,35.672750381466926
1781017011.201559,edge,seg,grpc,40.48108399999961,17.790000915527344,7.519999980926514,5.789999961853027,4.480000019073486,22.691083084472268
1781017011.298521,edge,seg,grpc,41.64666599999833,16.110000610351562,7.0,5.610000133514404,3.5,25.53666538964677
1781017011.3934138,edge,seg,grpc,39.99333299999819,15.979999542236328,7.539999961853027,5.920000076293945,2.509999990463257,24.01333345776186
1781017011.488588,edge,seg,grpc,43.447708000002194,16.5,8.329999923706055,5.269999980926514,2.9100000858306885,26.947708000002194
1781017011.5952508,edge,seg,grpc,54.447666999998034,24.049999237060547,12.119999885559082,5.800000190734863,6.119999885559082,30.397667762937488
1781017011.6971111,edge,seg,grpc,48.607916999998224,18.100000381469727,8.15999984741211,5.550000190734863,4.380000114440918,30.507916618528498
1781017011.810616,edge,seg,grpc,59.536250000000734,17.739999771118164,9.40999984741211,5.599999904632568,2.7200000286102295,41.79625022888257
1781017011.9188669,edge,seg,grpc,53.16779099999991,20.0,8.569999694824219,5.869999885559082,5.550000190734863,33.16779099999991
1781017012.0214121,edge,seg,grpc,47.21216599999423,19.760000228881836,6.949999809265137,5.610000133514404,7.190000057220459,27.45216577111239
1781017012.117549,edge,seg,grpc,44.63350000000332,17.219999313354492,7.690000057220459,5.420000076293945,4.099999904632568,27.41350068664883
1781017012.210366,edge,seg,grpc,39.88054099999516,16.3799991607666,7.809999942779541,5.650000095367432,2.9200000762939453,23.50054183922856
1781017012.310325,edge,seg,grpc,43.173041999999384,17.280000686645508,7.539999961853027,5.269999980926514,4.46999979019165,25.893041313353876
1781017012.4142962,edge,seg,grpc,48.49008400000088,18.8799991607666,8.010000228881836,5.630000114440918,5.25,29.610084839234275
1781017012.515532,edge,seg,grpc,46.21845800000557,15.819999694824219,7.840000152587891,5.420000076293945,2.549999952316284,30.39845830518135
1781017012.6099641,edge,seg,grpc,39.21737499999978,17.690000534057617,7.619999885559082,5.269999980926514,4.789999961853027,21.52737446594216
1781017012.713793,edge,seg,grpc,48.52729200000283,17.979999542236328,8.050000190734863,5.670000076293945,4.260000228881836,30.547292457766503
1781017012.8239732,edge,seg,grpc,54.83129099999928,20.479999542236328,8.109999656677246,5.590000152587891,6.789999961853027,34.351291457762954
1781017012.921816,edge,seg,grpc,42.56979200000188,17.15999984741211,7.539999961853027,5.360000133514404,4.25,25.409792152589773
1781017013.0258188,edge,seg,grpc,52.08316700000637,20.81999969482422,7.900000095367432,5.619999885559082,7.289999961853027,31.26316730518215
1781017013.130833,edge,seg,grpc,49.6723750000001,18.56999969482422,8.289999961853027,5.460000038146973,4.809999942779541,31.102375305175883
1781017013.225846,edge,seg,grpc,39.73520899999983,17.729999542236328,7.900000095367432,5.289999961853027,4.539999961853027,22.0052094577635
1781017013.321727,edge,seg,grpc,40.588167000002784,16.600000381469727,7.539999961853027,5.460000038146973,3.5899999141693115,23.988166618533057
1781017013.413724,edge,seg,grpc,37.26087500000119,15.720000267028809,7.440000057220459,5.690000057220459,2.5799999237060547,21.540874732972384
1781017013.513386,edge,seg,grpc,44.36445799999689,16.030000686645508,7.880000114440918,5.239999771118164,2.9000000953674316,28.33445731335138
1781017013.621807,edge,seg,grpc,52.603208000000734,19.510000228881836,7.869999885559082,5.820000171661377,5.820000171661377,33.0932077711189
1781017013.7268212,edge,seg,grpc,49.96962500000279,17.8799991607666,8.170000076293945,5.389999866485596,4.320000171661377,32.08962583923619
1781017013.843977,edge,seg,grpc,63.56654099999304,17.8799991607666,9.239999771118164,5.849999904632568,2.7799999713897705,45.686541839226436
1781017013.9564931,edge,seg,grpc,55.268417000000625,19.84000015258789,8.399999618530273,5.769999980926514,5.670000076293945,35.428416847412734
1781017014.055788,edge,seg,grpc,45.866291999999476,19.440000534057617,6.940000057220459,5.460000038146973,7.039999961853027,26.42629146594186
1781017014.152447,edge,seg,grpc,43.676458000000196,17.020000457763672,7.710000038146973,5.25,4.059999942779541,26.656457542236524
1781017014.2433112,edge,seg,grpc,36.978874999995526,16.3799991607666,7.670000076293945,5.760000228881836,2.9600000381469727,20.598875839228924
1781017014.336372,edge,seg,grpc,41.99424999999479,18.09000015258789,8.399999618530273,5.309999942779541,4.380000114440918,23.904249847406902
1781017014.4448361,edge,seg,grpc,52.929750000004105,18.6299991607666,7.949999809265137,5.570000171661377,5.110000133514404,34.299750839237504
1781017014.545967,edge,seg,grpc,47.10229199999816,15.9399995803833,7.789999961853027,5.449999809265137,2.690000057220459,31.162292419614857
1781017014.640725,edge,seg,grpc,42.009833999998136,17.389999389648438,7.239999771118164,5.360000133514404,4.789999961853027,24.6198346103497
1781017014.748544,edge,seg,grpc,55.29908400000494,28.440000534057617,16.75,5.809999942779541,5.880000114440918,26.85908346594732
1781017014.871045,edge,seg,grpc,66.91533400000083,32.45000076293945,16.719999313354492,5.75,9.979999542236328,34.46533323706137
1781017014.97578,edge,seg,grpc,49.41291600000142,26.829999923706055,15.180000305175781,5.730000019073486,5.920000076293945,22.582916076295362
1781017015.093868,edge,seg,grpc,62.02291700000018,31.940000534057617,15.100000381469727,5.78000020980835,11.050000190734863,30.08291646594256
1781017015.2102752,edge,seg,grpc,62.2346250000021,30.290000915527344,17.200000762939453,5.710000038146973,7.380000114440918,31.944624084474754
1781017015.317013,edge,seg,grpc,50.37687499999777,27.399999618530273,15.15999984741211,5.690000057220459,6.559999942779541,22.976875381467494
1781017015.423245,edge,seg,grpc,50.851624999999956,25.40999984741211,14.229999542236328,5.929999828338623,5.260000228881836,25.441625152587847
1781017015.528697,edge,seg,grpc,50.19087500000552,24.8799991607666,15.239999771118164,5.949999809265137,3.690000057220459,25.310875839238918
1781017015.6302028,edge,seg,grpc,46.2015419999986,15.979999542236328,7.760000228881836,5.289999961853027,2.930000066757202,30.22154245776227
1781017015.749721,edge,seg,grpc,64.1748329999956,30.600000381469727,16.459999084472656,6.150000095367432,8.0,33.574832618525875
1781017015.865845,edge,seg,grpc,60.82066700000155,28.84000015258789,16.940000534057617,5.96999979019165,5.929999828338623,31.98066684741366
1781017015.993454,edge,seg,grpc,72.22912499999978,30.15999984741211,19.56999969482422,6.070000171661377,4.519999980926514,42.069125152587674
1781017016.110692,edge,seg,grpc,65.81366700000046,31.90999984741211,17.190000534057617,6.179999828338623,8.539999961853027,33.903667152588355
1781017016.508828,local,detect,local,43.52800000000201,0,0,43.52800000000201,0,0
1781017016.573525,local,detect,local,51.951375000001576,0,0,51.951375000001576,0,0
1781017016.634667,local,detect,local,48.440750000004584,0,0,48.440750000004584,0,0
1781017016.697048,local,detect,local,49.677332999998214,0,0,49.677332999998214,0,0
1781017016.757729,local,detect,local,47.956542000001434,0,0,47.956542000001434,0,0
1781017016.817525,local,detect,local,47.0427500000028,0,0,47.0427500000028,0,0
1781017016.877934,local,detect,local,47.71037500000119,0,0,47.71037500000119,0,0
1781017016.9399319,local,detect,local,49.238291999998296,0,0,49.238291999998296,0,0
1781017016.99664,local,detect,local,43.941249999996046,0,0,43.941249999996046,0,0
1781017017.0563352,local,detect,local,46.93237499999725,0,0,46.93237499999725,0,0
1781017017.113378,local,detect,local,46.23841600000134,0,0,46.23841600000134,0,0
1781017017.179322,local,detect,local,53.18954199999837,0,0,53.18954199999837,0,0
1781017017.2369769,local,detect,local,44.8878329999971,0,0,44.8878329999971,0,0
1781017017.295253,local,detect,local,47.626250000000425,0,0,47.626250000000425,0,0
1781017017.35065,local,detect,local,42.65233299999949,0,0,42.65233299999949,0,0
1781017017.4114492,local,detect,local,48.01487499999979,0,0,48.01487499999979,0,0
1781017017.465325,local,detect,local,43.639542000001086,0,0,43.639542000001086,0,0
1781017017.524228,local,detect,local,46.14241699999866,0,0,46.14241699999866,0,0
1781017017.5813298,local,detect,local,44.35449999999719,0,0,44.35449999999719,0,0
1781017017.645078,local,detect,local,51.05187499999886,0,0,51.05187499999886,0,0
1781017017.7015529,local,detect,local,43.78070799999989,0,0,43.78070799999989,0,0
1781017017.757756,local,detect,local,43.44562500000393,0,0,43.44562500000393,0,0
1781017017.817836,local,detect,local,47.39887499999895,0,0,47.39887499999895,0,0
1781017017.876744,local,detect,local,48.024540999996645,0,0,48.024540999996645,0,0
1781017017.937351,local,detect,local,47.859541999997646,0,0,47.859541999997646,0,0
1781017017.995906,local,detect,local,45.81925000000098,0,0,45.81925000000098,0,0
1781017018.054176,local,detect,local,45.53462500000194,0,0,45.53462500000194,0,0
1781017018.117194,local,detect,local,50.29312500000316,0,0,50.29312500000316,0,0
1781017018.176744,local,detect,local,46.817500000003065,0,0,46.817500000003065,0,0
1781017018.23725,local,detect,local,47.7614169999967,0,0,47.7614169999967,0,0
1781017018.295156,local,detect,local,45.11183299999999,0,0,45.11183299999999,0,0
1781017018.3620212,local,detect,local,54.06679099999678,0,0,54.06679099999678,0,0
1781017018.41949,local,detect,local,44.79945799999996,0,0,44.79945799999996,0,0
1781017018.4793642,local,detect,local,47.16987500000158,0,0,47.16987500000158,0,0
1781017018.540073,local,detect,local,47.94812499999779,0,0,47.94812499999779,0,0
1781017018.600296,local,detect,local,47.34191700000423,0,0,47.34191700000423,0,0
1781017018.6577191,local,detect,local,44.638249999998436,0,0,44.638249999998436,0,0
1781017018.716867,local,detect,local,46.40116599999544,0,0,46.40116599999544,0,0
1781017018.7762508,local,detect,local,46.55783300000138,0,0,46.55783300000138,0,0
1781017018.8362062,local,detect,local,47.140041000005795,0,0,47.140041000005795,0,0
1781017018.895021,local,detect,local,46.13308399999738,0,0,46.13308399999738,0,0
1781017018.951266,local,detect,local,43.608083000002296,0,0,43.608083000002296,0,0
1781017019.0148401,local,detect,local,50.84037499999994,0,0,50.84037499999994,0,0
1781017019.0725372,local,detect,local,44.965541000003384,0,0,44.965541000003384,0,0
1781017019.130919,local,detect,local,45.61904200000555,0,0,45.61904200000555,0,0
1781017019.190593,local,detect,local,46.89524999999861,0,0,46.89524999999861,0,0
1781017019.25088,local,detect,local,47.53958299999539,0,0,47.53958299999539,0,0
1781017019.312903,local,detect,local,49.28012499999568,0,0,49.28012499999568,0,0
1781017019.371907,local,detect,local,46.264749999998855,0,0,46.264749999998855,0,0
1781017019.438381,local,detect,local,53.76845800000041,0,0,53.76845800000041,0,0
1781017019.497943,local,detect,local,48.59804200000184,0,0,48.59804200000184,0,0
1781017019.569085,local,detect,local,58.39712499999905,0,0,58.39712499999905,0,0
1781017019.62732,local,detect,local,45.4847909999998,0,0,45.4847909999998,0,0
1781017019.68962,local,detect,local,49.562999999999136,0,0,49.562999999999136,0,0
1781017019.754716,local,detect,local,52.31458299999758,0,0,52.31458299999758,0,0
1781017019.817868,local,detect,local,50.11574999999624,0,0,50.11574999999624,0,0
1781017019.8764448,local,detect,local,45.83754100000448,0,0,45.83754100000448,0,0
1781017019.934162,local,detect,local,44.98858299999853,0,0,44.98858299999853,0,0
1781017019.9955058,local,detect,local,48.502458999998055,0,0,48.502458999998055,0,0
1781017020.052961,local,detect,local,44.71379199999603,0,0,44.71379199999603,0,0
1781017020.1116621,local,detect,local,45.97349999999523,0,0,45.97349999999523,0,0
1781017020.1703181,local,detect,local,45.94300000000118,0,0,45.94300000000118,0,0
1781017020.228689,local,detect,local,45.40783400000237,0,0,45.40783400000237,0,0
1781017020.286981,local,detect,local,45.553540999996756,0,0,45.553540999996756,0,0
1781017020.348958,local,detect,local,49.22920899999639,0,0,49.22920899999639,0,0
1781017020.4080698,local,detect,local,46.35587499999616,0,0,46.35587499999616,0,0
1781017020.4701078,local,detect,local,49.235291999998765,0,0,49.235291999998765,0,0
1781017020.528842,local,detect,local,46.01995899999878,0,0,46.01995899999878,0,0
1781017020.5861819,local,detect,local,46.76729200000551,0,0,46.76729200000551,0,0
1781017020.647508,local,detect,local,48.51120899999728,0,0,48.51120899999728,0,0
1781017020.71136,local,detect,local,51.04725000000343,0,0,51.04725000000343,0,0
1781017020.77562,local,detect,local,51.493499999999415,0,0,51.493499999999415,0,0
1781017020.8360739,local,detect,local,47.682708000003515,0,0,47.682708000003515,0,0
1781017020.897602,local,detect,local,48.83095900000001,0,0,48.83095900000001,0,0
1781017020.959139,local,detect,local,48.75912499999657,0,0,48.75912499999657,0,0
1781017021.024058,local,detect,local,52.22470899999365,0,0,52.22470899999365,0,0
1781017021.081147,local,detect,local,44.309458000000745,0,0,44.309458000000745,0,0
1781017021.140822,local,detect,local,47.13350000000105,0,0,47.13350000000105,0,0
1781017021.2015302,local,detect,local,47.91858299999774,0,0,47.91858299999774,0,0
1781017021.261454,local,detect,local,47.111874999998804,0,0,47.111874999998804,0,0
1781017021.3263848,local,detect,local,52.216416000000265,0,0,52.216416000000265,0,0
1781017021.384448,local,detect,local,45.285499999998535,0,0,45.285499999998535,0,0
1781017021.443146,local,detect,local,47.784582999994996,0,0,47.784582999994996,0,0
1781017021.505557,local,detect,local,49.463207999998815,0,0,49.463207999998815,0,0
1781017021.567227,local,detect,local,48.893166999995685,0,0,48.893166999995685,0,0
1781017021.628665,local,detect,local,49.70429200000126,0,0,49.70429200000126,0,0
1781017021.688847,local,detect,local,47.45237499999888,0,0,47.45237499999888,0,0
1781017021.7526011,local,detect,local,50.99466700000477,0,0,50.99466700000477,0,0
1781017021.81427,local,detect,local,48.847416999997506,0,0,48.847416999997506,0,0
1781017021.874836,local,detect,local,47.83804200000219,0,0,47.83804200000219,0,0
1781017021.9382908,local,detect,local,50.67408399999351,0,0,50.67408399999351,0,0
1781017022.004137,local,detect,local,53.087249999997255,0,0,53.087249999997255,0,0
1781017022.064228,local,detect,local,47.32562499999915,0,0,47.32562499999915,0,0
1781017022.123476,local,detect,local,46.52754099999612,0,0,46.52754099999612,0,0
1781017022.181796,local,detect,local,45.56029199999756,0,0,45.56029199999756,0,0
1781017022.246135,local,detect,local,51.56300000000158,0,0,51.56300000000158,0,0
1781017022.302377,local,detect,local,43.451582999999516,0,0,43.451582999999516,0,0
1781017022.362682,local,detect,local,47.54204099999981,0,0,47.54204099999981,0,0
1781017022.4279628,local,detect,local,52.445542000000955,0,0,52.445542000000955,0,0
1781017022.492725,local,detect,local,52.01449999999852,0,0,52.01449999999852,0,0
1781017022.551163,local,detect,local,45.31841600000064,0,0,45.31841600000064,0,0
1781017022.614558,local,detect,local,50.666249999999025,0,0,50.666249999999025,0,0
1781017022.6750348,local,detect,local,47.73058299999633,0,0,47.73058299999633,0,0
1781017022.738322,local,detect,local,50.56487499999918,0,0,50.56487499999918,0,0
1781017022.805248,local,detect,local,54.14954199999755,0,0,54.14954199999755,0,0
1781017022.8669162,local,detect,local,48.88262500000451,0,0,48.88262500000451,0,0
1781017022.931272,local,detect,local,51.65266699999904,0,0,51.65266699999904,0,0
1781017022.993525,local,detect,local,49.51150000000126,0,0,49.51150000000126,0,0
1781017023.0550709,local,detect,local,48.785999999999774,0,0,48.785999999999774,0,0
1781017023.1152508,local,detect,local,49.51262499999842,0,0,49.51262499999842,0,0
1781017023.175317,local,detect,local,47.29995900000006,0,0,47.29995900000006,0,0
1781017023.24336,local,detect,local,55.24216700000295,0,0,55.24216700000295,0,0
1781017023.30366,local,detect,local,47.56508300000206,0,0,47.56508300000206,0,0
1781017023.367253,local,detect,local,50.863708999997925,0,0,50.863708999997925,0,0
1781017023.43591,local,detect,local,55.870874999996545,0,0,55.870874999996545,0,0
1781017023.50295,local,detect,local,54.3081249999986,0,0,54.3081249999986,0,0
1781017023.563842,local,detect,local,48.497916999998836,0,0,48.497916999998836,0,0
1781017023.62758,local,detect,local,50.90141699999862,0,0,50.90141699999862,0,0
1781017023.692035,local,detect,local,51.68975000000131,0,0,51.68975000000131,0,0
1781017023.756495,local,detect,local,51.67124999999828,0,0,51.67124999999828,0,0
1781017023.817578,local,detect,local,48.04924999999827,0,0,48.04924999999827,0,0
1781017023.880664,local,detect,local,50.33658400000007,0,0,50.33658400000007,0,0
1781017023.940785,local,detect,local,47.480791999994665,0,0,47.480791999994665,0,0
1781017024.004916,local,detect,local,51.44629200000139,0,0,51.44629200000139,0,0
1781017024.0683699,local,detect,local,50.73624999999993,0,0,50.73624999999993,0,0
1781017024.1293042,local,detect,local,48.17812499999974,0,0,48.17812499999974,0,0
1781017024.1914618,local,detect,local,49.39220800000044,0,0,49.39220800000044,0,0
1781017024.255573,local,detect,local,51.44391699999318,0,0,51.44391699999318,0,0
1781017024.319333,local,detect,local,51.01504099999943,0,0,51.01504099999943,0,0
1781017024.3840158,local,detect,local,51.970208000000184,0,0,51.970208000000184,0,0
1781017024.4468858,local,detect,local,50.22595900000226,0,0,50.22595900000226,0,0
1781017024.5147588,local,detect,local,55.09299999999939,0,0,55.09299999999939,0,0
1781017024.57635,local,detect,local,48.83612499999401,0,0,48.83612499999401,0,0
1781017024.641731,local,detect,local,52.647416999995755,0,0,52.647416999995755,0,0
1781017024.7036579,local,detect,local,49.1745839999993,0,0,49.1745839999993,0,0
1781017024.768212,local,detect,local,51.756166999993525,0,0,51.756166999993525,0,0
1781017024.824306,local,detect,local,43.35120799999714,0,0,43.35120799999714,0,0
1781017024.8869288,local,detect,local,49.8923329999954,0,0,49.8923329999954,0,0
1781017024.950229,local,detect,local,50.48158399999636,0,0,50.48158399999636,0,0
1781017025.00948,local,detect,local,46.50999999999783,0,0,46.50999999999783,0,0
1781017025.070336,local,detect,local,47.71545899999552,0,0,47.71545899999552,0,0
1781017025.130616,local,detect,local,47.542666999994765,0,0,47.542666999994765,0,0
1781017025.190001,local,detect,local,46.63266699999724,0,0,46.63266699999724,0,0
1781017025.253131,local,detect,local,50.39225000000158,0,0,50.39225000000158,0,0
1781017025.318629,local,detect,local,52.6959169999941,0,0,52.6959169999941,0,0
1781017025.379641,local,detect,local,48.25650000000081,0,0,48.25650000000081,0,0
1781017025.438452,local,detect,local,48.13858300000362,0,0,48.13858300000362,0,0
1781017025.503289,local,detect,local,52.0586250000008,0,0,52.0586250000008,0,0
1781017025.564439,local,detect,local,48.41737499999965,0,0,48.41737499999965,0,0
1781017025.626743,local,detect,local,49.59866699999793,0,0,49.59866699999793,0,0
1781017025.6908522,local,detect,local,51.3597089999962,0,0,51.3597089999962,0,0
1781017025.755688,local,detect,local,52.10970799999615,0,0,52.10970799999615,0,0
1781017025.816065,local,detect,local,47.64679200000188,0,0,47.64679200000188,0,0
1781017025.878421,local,detect,local,49.588874999997756,0,0,49.588874999997756,0,0
1781017025.9388402,local,detect,local,47.69041600000179,0,0,47.69041600000179,0,0
1781017026.001992,local,detect,local,50.39187500000253,0,0,50.39187500000253,0,0
1781017026.0600882,local,detect,local,45.304957999995565,0,0,45.304957999995565,0,0
1781017026.1214678,local,detect,local,48.659000000000674,0,0,48.659000000000674,0,0
1781017026.185834,local,detect,local,51.54712499999903,0,0,51.54712499999903,0,0
1781017026.245394,local,detect,local,46.79429200000129,0,0,46.79429200000129,0,0
1781017026.3051279,local,detect,local,46.75824999999634,0,0,46.75824999999634,0,0
1781017026.367411,local,detect,local,49.546332999995,0,0,49.546332999995,0,0
1781017026.427496,local,detect,local,47.080042000004596,0,0,47.080042000004596,0,0
1781017026.495779,local,detect,local,55.55999999999983,0,0,55.55999999999983,0,0
1781017026.557069,local,detect,local,50.260000000001526,0,0,50.260000000001526,0,0
1781017026.6232681,local,detect,local,53.4671250000045,0,0,53.4671250000045,0,0
1781017026.688889,local,detect,local,52.91533400000503,0,0,52.91533400000503,0,0
1781017026.75684,local,detect,local,55.06283300000092,0,0,55.06283300000092,0,0
1781017026.8182242,local,detect,local,48.915958000002036,0,0,48.915958000002036,0,0
1781017026.884476,local,detect,local,53.52691699999923,0,0,53.52691699999923,0,0
1781017026.948747,local,detect,local,51.11708300000117,0,0,51.11708300000117,0,0
1781017027.014681,local,detect,local,53.155583999995315,0,0,53.155583999995315,0,0
1781017027.076412,local,detect,local,49.02791700000364,0,0,49.02791700000364,0,0
1781017027.140654,local,detect,local,51.31749999999613,0,0,51.31749999999613,0,0
1781017027.200521,local,detect,local,47.104333000000054,0,0,47.104333000000054,0,0
1781017027.263792,local,detect,local,50.52791600000006,0,0,50.52791600000006,0,0
1781017027.3232331,local,detect,local,46.617790999995634,0,0,46.617790999995634,0,0
1781017027.38717,local,detect,local,51.20045799999673,0,0,51.20045799999673,0,0
1781017027.4483032,local,detect,local,49.67925000000406,0,0,49.67925000000406,0,0
1781017027.51148,local,detect,local,50.37595900000014,0,0,50.37595900000014,0,0
1781017027.572799,local,detect,local,48.60162500000342,0,0,48.60162500000342,0,0
1781017027.633114,local,detect,local,47.54883399999699,0,0,47.54883399999699,0,0
1781017027.69254,local,detect,local,46.694707999996865,0,0,46.694707999996865,0,0
1781017027.7553458,local,detect,local,50.036708000000374,0,0,50.036708000000374,0,0
1781017027.8201191,local,detect,local,51.98108399999768,0,0,51.98108399999768,0,0
1781017027.88219,local,detect,local,49.29079200000075,0,0,49.29079200000075,0,0
1781017027.945162,local,detect,local,50.163458000000105,0,0,50.163458000000105,0,0
1781017028.010559,local,detect,local,52.65016599999939,0,0,52.65016599999939,0,0
1781017028.071231,local,detect,local,47.90037499999755,0,0,47.90037499999755,0,0
1781017028.134511,local,detect,local,50.49187499999874,0,0,50.49187499999874,0,0
1781017028.196817,local,detect,local,49.56141599999597,0,0,49.56141599999597,0,0
1781017028.2639518,local,detect,local,54.38224999999619,0,0,54.38224999999619,0,0
1781017028.325758,local,detect,local,49.07199999999534,0,0,49.07199999999534,0,0
1781017028.388326,local,detect,local,49.637167000000204,0,0,49.637167000000204,0,0
1781017028.450367,local,detect,local,49.29554200000297,0,0,49.29554200000297,0,0
1781017028.512618,local,detect,local,49.492499999999495,0,0,49.492499999999495,0,0
1781017028.5722299,local,detect,local,46.86987499999873,0,0,46.86987499999873,0,0
1781017028.631789,local,detect,local,46.85733299999839,0,0,46.85733299999839,0,0
1781017028.695893,local,detect,local,51.28337500000413,0,0,51.28337500000413,0,0
1781017028.755722,local,detect,local,47.08066700000302,0,0,47.08066700000302,0,0
1781017031.0790458,local,seg,local,342.44666600000073,0,0,342.44666600000073,0,0
1781017031.425733,local,seg,local,331.0442089999981,0,0,331.0442089999981,0,0
1781017031.765795,local,seg,local,325.3473749999998,0,0,325.3473749999998,0,0
1781017032.120311,local,seg,local,338.53945899999616,0,0,338.53945899999616,0,0
1781017032.474559,local,seg,local,338.1804170000038,0,0,338.1804170000038,0,0
1781017032.822012,local,seg,local,331.6683750000067,0,0,331.6683750000067,0,0
1781017033.1771069,local,seg,local,340.20945900000754,0,0,340.20945900000754,0,0
1781017033.530825,local,seg,local,337.5467090000086,0,0,337.5467090000086,0,0
1781017033.891007,local,seg,local,342.7777499999962,0,0,342.7777499999962,0,0
1781017034.251529,local,seg,local,343.2571670000044,0,0,343.2571670000044,0,0
1781017034.614746,local,seg,local,347.3912090000084,0,0,347.3912090000084,0,0
1781017035.143425,local,seg,local,510.6817910000103,0,0,510.6817910000103,0,0
1781017035.584957,local,seg,local,427.70720800000106,0,0,427.70720800000106,0,0
1781017035.962504,local,seg,local,362.87916700000267,0,0,362.87916700000267,0,0
1781017036.308355,local,seg,local,330.47595799999385,0,0,330.47595799999385,0,0
1781017036.6780732,local,seg,local,351.40229199998885,0,0,351.40229199998885,0,0
1781017037.010536,local,seg,local,316.2022079999929,0,0,316.2022079999929,0,0
1781017037.3608909,local,seg,local,334.27287499999636,0,0,334.27287499999636,0,0
1781017037.750668,local,seg,local,372.2653749999978,0,0,372.2653749999978,0,0
1781017038.108106,local,seg,local,341.03558300000714,0,0,341.03558300000714,0,0
1781017038.454988,local,seg,local,331.32587499999033,0,0,331.32587499999033,0,0
1781017038.803808,local,seg,local,333.28462500000455,0,0,333.28462500000455,0,0
1781017039.142546,local,seg,local,324.15549999998916,0,0,324.15549999998916,0,0
1781017039.5030441,local,seg,local,344.2867500000091,0,0,344.2867500000091,0,0
1781017039.857997,local,seg,local,338.92195800000025,0,0,338.92195800000025,0,0
1781017040.20387,local,seg,local,329.7139169999923,0,0,329.7139169999923,0,0
1781017040.5755541,local,seg,local,356.903250000002,0,0,356.903250000002,0,0
1781017040.96384,local,seg,local,371.91683399998965,0,0,371.91683399998965,0,0
1781017041.33058,local,seg,local,349.88041600000486,0,0,349.88041600000486,0,0
1781017041.694209,local,seg,local,346.57475000000204,0,0,346.57475000000204,0,0
1781017042.0588942,local,seg,local,348.2032499999974,0,0,348.2032499999974,0,0
1781017042.511073,local,seg,local,434.9709170000011,0,0,434.9709170000011,0,0
1781017042.852577,local,seg,local,325.4548329999949,0,0,325.4548329999949,0,0
1781017043.205301,local,seg,local,338.1327079999892,0,0,338.1327079999892,0,0
1781017043.552671,local,seg,local,331.58283400000244,0,0,331.58283400000244,0,0
1781017043.923357,local,seg,local,352.272708000001,0,0,352.272708000001,0,0
1781017044.2597592,local,seg,local,320.32608299999765,0,0,320.32608299999765,0,0
1781017044.606032,local,seg,local,330.0267919999982,0,0,330.0267919999982,0,0
1781017044.9675179,local,seg,local,342.6996669999909,0,0,342.6996669999909,0,0
1781017045.329259,local,seg,local,344.55074999999624,0,0,344.55074999999624,0,0
1781017045.676606,local,seg,local,331.75974999998914,0,0,331.75974999998914,0,0
1781017046.025755,local,seg,local,333.44412499999976,0,0,333.44412499999976,0,0
1781017046.371607,local,seg,local,331.24566699999036,0,0,331.24566699999036,0,0
1781017046.73689,local,seg,local,349.4141249999956,0,0,349.4141249999956,0,0
1781017047.091084,local,seg,local,338.20024999999987,0,0,338.20024999999987,0,0
1781017047.43696,local,seg,local,330.0333749999993,0,0,330.0333749999993,0,0
1781017047.796362,local,seg,local,344.18537500000923,0,0,344.18537500000923,0,0
1781017048.159976,local,seg,local,347.4743340000117,0,0,347.4743340000117,0,0
1781017048.5180001,local,seg,local,341.09591699998987,0,0,341.09591699998987,0,0
1781017048.870816,local,seg,local,335.45837500000175,0,0,335.45837500000175,0,0
1781017049.230073,local,seg,local,343.2442919999943,0,0,343.2442919999943,0,0
1781017049.6748118,local,seg,local,427.5826669999958,0,0,427.5826669999958,0,0
1781017050.0220082,local,seg,local,331.37970800000005,0,0,331.37970800000005,0,0
1781017050.3747551,local,seg,local,338.0416669999988,0,0,338.0416669999988,0,0
1781017050.715146,local,seg,local,325.13470900001096,0,0,325.13470900001096,0,0
1781017051.0841632,local,seg,local,350.87683399999037,0,0,350.87683399999037,0,0
1781017051.4187012,local,seg,local,318.5683749999981,0,0,318.5683749999981,0,0
1781017051.770956,local,seg,local,335.9225840000022,0,0,335.9225840000022,0,0
1781017052.1379561,local,seg,local,349.05670899999564,0,0,349.05670899999564,0,0
1781017052.496341,local,seg,local,341.7640419999941,0,0,341.7640419999941,0,0
1781017052.8520918,local,seg,local,339.9812920000045,0,0,339.9812920000045,0,0
1781017053.195074,local,seg,local,327.42349999999476,0,0,327.42349999999476,0,0
1781017053.545758,local,seg,local,335.7127079999884,0,0,335.7127079999884,0,0
1781017053.911055,local,seg,local,348.9549579999931,0,0,348.9549579999931,0,0
1781017054.270462,local,seg,local,343.223375000008,0,0,343.223375000008,0,0
1781017054.616849,local,seg,local,330.5229580000031,0,0,330.5229580000031,0,0
1781017054.9859252,local,seg,local,353.9220830000005,0,0,353.9220830000005,0,0
1781017055.347776,local,seg,local,345.497917000003,0,0,345.497917000003,0,0
1781017055.694608,local,seg,local,329.61395799999593,0,0,329.61395799999593,0,0
1781017056.04689,local,seg,local,335.48958299999754,0,0,335.48958299999754,0,0
1781017056.405767,local,seg,local,342.7242500000034,0,0,342.7242500000034,0,0
1781017056.868981,local,seg,local,446.028124999998,0,0,446.028124999998,0,0
1781017057.21646,local,seg,local,332.50212500000487,0,0,332.50212500000487,0,0
1781017057.5790951,local,seg,local,347.84095899999556,0,0,347.84095899999556,0,0
1781017057.946229,local,seg,local,351.7622080000109,0,0,351.7622080000109,0,0
1781017058.3241642,local,seg,local,359.60320800001,0,0,359.60320800001,0,0
1781017058.651328,local,seg,local,310.4593330000114,0,0,310.4593330000114,0,0
1781017059.06496,local,seg,local,345.89574999999684,0,0,345.89574999999684,0,0
1781017059.421634,local,seg,local,339.3655419999959,0,0,339.3655419999959,0,0
1781017059.773908,local,seg,local,335.18854199999737,0,0,335.18854199999737,0,0
1781017060.124371,local,seg,local,334.58016599999496,0,0,334.58016599999496,0,0
1781017060.471354,local,seg,local,331.2529999999896,0,0,331.2529999999896,0,0
1781017060.818569,local,seg,local,332.3396669999994,0,0,332.3396669999994,0,0
1781017061.1739361,local,seg,local,339.60312499999645,0,0,339.60312499999645,0,0
1781017061.534914,local,seg,local,344.59950000000106,0,0,344.59950000000106,0,0
1781017061.8867881,local,seg,local,335.826124999997,0,0,335.826124999997,0,0
1781017062.248542,local,seg,local,346.87020799999857,0,0,346.87020799999857,0,0
1781017062.609014,local,seg,local,344.50416699999664,0,0,344.50416699999664,0,0
1781017062.969032,local,seg,local,342.56358300000045,0,0,342.56358300000045,0,0
1781017063.320072,local,seg,local,334.031374999995,0,0,334.031374999995,0,0
1781017063.680248,local,seg,local,344.0717499999977,0,0,344.0717499999977,0,0
1781017064.121939,local,seg,local,424.4671250000067,0,0,424.4671250000067,0,0
1781017064.4664168,local,seg,local,328.6616250000094,0,0,328.6616250000094,0,0
1781017064.825432,local,seg,local,344.5455829999986,0,0,344.5455829999986,0,0
1781017065.183734,local,seg,local,343.043042000005,0,0,343.043042000005,0,0
1781017065.542269,local,seg,local,342.44295800000657,0,0,342.44295800000657,0,0
1781017065.8722339,local,seg,local,313.87841600000854,0,0,313.87841600000854,0,0
1781017066.2311559,local,seg,local,343.0622500000027,0,0,343.0622500000027,0,0
1781017066.587401,local,seg,local,338.755166999988,0,0,338.755166999988,0,0
1781017066.939898,local,seg,local,335.8585420000111,0,0,335.8585420000111,0,0
1781017067.298837,local,seg,local,343.6152089999922,0,0,343.6152089999922,0,0
1781017067.649008,local,seg,local,334.21416699999895,0,0,334.21416699999895,0,0
1781017067.9937081,local,seg,local,330.0797499999959,0,0,330.0797499999959,0,0
1781017068.3527339,local,seg,local,342.9186249999958,0,0,342.9186249999958,0,0
1781017068.704156,local,seg,local,335.1453749999962,0,0,335.1453749999962,0,0
1781017069.0576751,local,seg,local,337.7797500000099,0,0,337.7797500000099,0,0
1781017069.421231,local,seg,local,348.39012499999455,0,0,348.39012499999455,0,0
1781017069.7773042,local,seg,local,341.938374999998,0,0,341.938374999998,0,0
1781017070.134352,local,seg,local,339.6728750000051,0,0,339.6728750000051,0,0
1781017070.496263,local,seg,local,345.02612500000396,0,0,345.02612500000396,0,0
1781017070.85544,local,seg,local,343.0957079999928,0,0,343.0957079999928,0,0
1781017071.2963789,local,seg,local,423.38854199999787,0,0,423.38854199999787,0,0
1781017071.64209,local,seg,local,329.9667080000006,0,0,329.9667080000006,0,0
1781017072.003765,local,seg,local,346.73595800001067,0,0,346.73595800001067,0,0
1781017072.35219,local,seg,local,333.38637499998924,0,0,333.38637499998924,0,0
1781017072.713623,local,seg,local,342.62829200000056,0,0,342.62829200000056,0,0
1781017073.0554,local,seg,local,325.48916700000063,0,0,325.48916700000063,0,0
1781017073.4133499,local,seg,local,341.95295799999315,0,0,341.95295799999315,0,0
1781017073.769058,local,seg,local,338.23429199999566,0,0,338.23429199999566,0,0
1781017074.1253738,local,seg,local,339.5611669999994,0,0,339.5611669999994,0,0
1781017074.476195,local,seg,local,335.02795799999774,0,0,335.02795799999774,0,0
1781017074.824508,local,seg,local,332.38099999999804,0,0,332.38099999999804,0,0
1781017075.166236,local,seg,local,326.75145900000757,0,0,326.75145900000757,0,0
1781017075.519996,local,seg,local,337.89274999999463,0,0,337.89274999999463,0,0
1781017075.873844,local,seg,local,337.76975000000675,0,0,337.76975000000675,0,0
1781017076.2413208,local,seg,local,348.2717500000092,0,0,348.2717500000092,0,0
1781017076.601089,local,seg,local,344.9465419999882,0,0,344.9465419999882,0,0
1781017076.9673312,local,seg,local,350.0648329999905,0,0,350.0648329999905,0,0
1781017077.321342,local,seg,local,336.93145799999513,0,0,336.93145799999513,0,0
1781017077.6751208,local,seg,local,336.9087079999957,0,0,336.9087079999957,0,0
1781017078.0281339,local,seg,local,336.66779099999644,0,0,336.66779099999644,0,0
1781017078.468917,local,seg,local,423.8045830000061,0,0,423.8045830000061,0,0
1781017078.8115368,local,seg,local,327.0192499999922,0,0,327.0192499999922,0,0
1781017079.17839,local,seg,local,352.02841699999965,0,0,352.02841699999965,0,0
1781017079.534019,local,seg,local,339.8055420000077,0,0,339.8055420000077,0,0
1781017079.903082,local,seg,local,350.73691600000245,0,0,350.73691600000245,0,0
1781017080.244883,local,seg,local,324.895791000003,0,0,324.895791000003,0,0
1781017080.601866,local,seg,local,340.60983399999145,0,0,340.60983399999145,0,0
1781017080.9441621,local,seg,local,325.1089580000013,0,0,325.1089580000013,0,0
1781017081.292504,local,seg,local,331.53208400000267,0,0,331.53208400000267,0,0
1781017081.639303,local,seg,local,330.8569999999946,0,0,330.8569999999946,0,0
1781017081.9824371,local,seg,local,327.739459,0,0,327.739459,0,0
1781017082.3260531,local,seg,local,328.72820800000113,0,0,328.72820800000113,0,0
1781017082.680942,local,seg,local,339.1354580000012,0,0,339.1354580000012,0,0
1781017083.047621,local,seg,local,351.72166700000673,0,0,351.72166700000673,0,0
1781017083.402122,local,seg,local,338.96533399999385,0,0,338.96533399999385,0,0
1781017083.76245,local,seg,local,345.35645900000134,0,0,345.35645900000134,0,0
1781017084.1571672,local,seg,local,378.362457999998,0,0,378.362457999998,0,0
1781017084.513539,local,seg,local,339.1861249999977,0,0,339.1861249999977,0,0
1781017084.8761759,local,seg,local,345.15087500000163,0,0,345.15087500000163,0,0
1781017085.241389,local,seg,local,348.81208299999855,0,0,348.81208299999855,0,0
1781017085.685689,local,seg,local,427.3266249999921,0,0,427.3266249999921,0,0
1781017086.032469,local,seg,local,330.8880420000122,0,0,330.8880420000122,0,0
1781017086.395104,local,seg,local,348.04525000001263,0,0,348.04525000001263,0,0
1781017086.751113,local,seg,local,340.98833300001274,0,0,340.98833300001274,0,0
1781017087.107622,local,seg,local,338.5142919999993,0,0,338.5142919999993,0,0
1781017087.457702,local,seg,local,333.9294590000037,0,0,333.9294590000037,0,0
1781017087.810292,local,seg,local,335.97058299999105,0,0,335.97058299999105,0,0
1781017088.15942,local,seg,local,331.6027089999949,0,0,331.6027089999949,0,0
1781017088.509334,local,seg,local,333.0597500000039,0,0,333.0597500000039,0,0
1781017088.858142,local,seg,local,333.48854100000835,0,0,333.48854100000835,0,0
1781017089.201563,local,seg,local,327.42408400000045,0,0,327.42408400000045,0,0
1781017089.547559,local,seg,local,331.06058299999575,0,0,331.06058299999575,0,0
1781017089.902252,local,seg,local,338.578916000003,0,0,338.578916000003,0,0
1781017090.274942,local,seg,local,356.14975000000015,0,0,356.14975000000015,0,0
1781017090.642326,local,seg,local,351.22366600000987,0,0,351.22366600000987,0,0
1781017090.9989069,local,seg,local,341.88404100000014,0,0,341.88404100000014,0,0
1781017091.3544571,local,seg,local,339.25387499999715,0,0,339.25387499999715,0,0
1781017091.70105,local,seg,local,329.36895800000343,0,0,329.36895800000343,0,0
1781017092.0597188,local,seg,local,340.8441250000038,0,0,340.8441250000038,0,0
1781017092.4161768,local,seg,local,340.33033299999715,0,0,340.33033299999715,0,0
1781017092.856818,local,seg,local,423.7631249999936,0,0,423.7631249999936,0,0
1781017093.201691,local,seg,local,329.23599999999453,0,0,329.23599999999453,0,0
1781017093.572974,local,seg,local,356.3987080000004,0,0,356.3987080000004,0,0
1781017093.926049,local,seg,local,334.3156250000021,0,0,334.3156250000021,0,0
1781017094.2899818,local,seg,local,345.807791999988,0,0,345.807791999988,0,0
1781017094.624656,local,seg,local,318.4242920000031,0,0,318.4242920000031,0,0
1781017094.965167,local,seg,local,324.0209169999986,0,0,324.0209169999986,0,0
1781017095.310595,local,seg,local,327.2910410000094,0,0,327.2910410000094,0,0
1781017095.666272,local,seg,local,339.11279199999456,0,0,339.11279199999456,0,0
1781017096.050925,local,seg,local,369.23304200000473,0,0,369.23304200000473,0,0
1781017096.455967,local,seg,local,388.89841699999295,0,0,388.89841699999295,0,0
1781017096.834669,local,seg,local,363.68612499998676,0,0,363.68612499998676,0,0
1781017097.192381,local,seg,local,344.314541999978,0,0,344.314541999978,0,0
1781017097.5619571,local,seg,local,353.26004099999864,0,0,353.26004099999864,0,0
1781017097.911583,local,seg,local,334.09000000000333,0,0,334.09000000000333,0,0
1781017098.268554,local,seg,local,342.2055000000057,0,0,342.2055000000057,0,0
1781017098.622874,local,seg,local,338.27895800001784,0,0,338.27895800001784,0,0
1781017099.0016,local,seg,local,361.1987079999892,0,0,361.1987079999892,0,0
1781017099.354047,local,seg,local,335.512915999999,0,0,335.512915999999,0,0
1781017099.716645,local,seg,local,346.19449999999574,0,0,346.19449999999574,0,0
1781017100.160096,local,seg,local,426.34979199999634,0,0,426.34979199999634,0,0
1781017100.5160918,local,seg,local,340.611000000024,0,0,340.611000000024,0,0
1781017100.871706,local,seg,local,340.71116699999493,0,0,340.71116699999493,0,0
1781017101.2287831,local,seg,local,342.0137909999994,0,0,342.0137909999994,0,0
1781017101.611874,local,seg,local,364.9190410000074,0,0,364.9190410000074,0,0
1781017101.941072,local,seg,local,312.67241599999807,0,0,312.67241599999807,0,0
1781017102.278055,local,seg,local,320.6238750000239,0,0,320.6238750000239,0,0
1781017102.6371021,local,seg,local,341.61637500000097,0,0,341.61637500000097,0,0
1781017102.9879382,local,seg,local,334.05812500001275,0,0,334.05812500001275,0,0
